<?xml version="1.0" encoding="UTF-8"?>
<project-private xmlns="http://www.netbeans.org/ns/project-private/1">
    <editor-bookmarks xmlns="http://www.netbeans.org/ns/editor-bookmarks/2" lastBookmarkId="0"/>
    <open-files xmlns="http://www.netbeans.org/ns/projectui-open-files/2">
        <group>
            <file>file:/C:/Users/Shamas/Documents/NetBeansProjects/kfueit%20billing%20system/src/deleteProduct.java</file>
            <file>file:/C:/Users/Shamas/Documents/NetBeansProjects/kfueit%20billing%20system/src/deleteBuyer.java</file>
            <file>file:/C:/Users/Shamas/Documents/NetBeansProjects/kfueit%20billing%20system/src/newProduct.java</file>
            <file>file:/C:/Users/Shamas/Documents/NetBeansProjects/kfueit%20billing%20system/src/updateProduct.java</file>
            <file>file:/C:/Users/Shamas/Documents/NetBeansProjects/kfueit%20billing%20system/src/newBuyer.java</file>
            <file>file:/C:/Users/Shamas/Documents/NetBeansProjects/kfueit%20billing%20system/src/productDetials.java</file>
            <file>file:/C:/Users/Shamas/Documents/NetBeansProjects/kfueit%20billing%20system/src/updateBuyer.java</file>
            <file>file:/C:/Users/Shamas/Documents/NetBeansProjects/kfueit%20billing%20system/src/home.java</file>
            <file>file:/C:/Users/Shamas/Documents/NetBeansProjects/kfueit%20billing%20system/src/Project/ConnectionProvider.java</file>
            <file>file:/C:/Users/Shamas/Documents/NetBeansProjects/kfueit%20billing%20system/src/billing.java</file>
            <file>file:/C:/Users/Shamas/Documents/NetBeansProjects/kfueit%20billing%20system/src/login.java</file>
            <file>file:/C:/Users/Shamas/Documents/NetBeansProjects/kfueit%20billing%20system/src/kfueit/billing/system/KfueitBillingSystem.java</file>
            <file>file:/C:/Users/Shamas/Documents/NetBeansProjects/kfueit%20billing%20system/src/buyerDetails.java</file>
            <file>file:/C:/Users/Shamas/Documents/NetBeansProjects/kfueit%20billing%20system/src/pdfWriter.java</file>
        </group>
    </open-files>
</project-private>
